{
  "max_uid": 70,
  "roads": [
    [
      1,
      4,
      2,
      60,
      3
    ],
    [
      4,
      2,
      2,
      60,
      5
    ],
    [
      6,
      4,
      1,
      60,
      7
    ]
  ],
  "crossroads": [
    [
      -184.5,
      62,
      1
    ],
    [
      203.5,
      58,
      2
    ],
    [
      8.520722635494154,
      60.01009564293305,
      4
    ],
    [
      -127.5,
      -109,
      6
    ]
  ],
  "car_gens": [
    [
      3,
      2,
      5,
      1000,
      8
    ],
    [
      3,
      2,
      5,
      1000,
      9
    ],
    [
      7,
      2,
      1,
      1000,
      10
    ]
  ]
}
