{
  "max_uid": 83,
  "roads": [
    [
      1,
      5,
      1,
      60,
      7
    ],
    [
      2,
      5,
      1,
      60,
      8
    ],
    [
      3,
      5,
      1,
      60,
      9
    ],
    [
      4,
      5,
      1,
      60,
      10
    ],
    [
      5,
      6,
      2,
      60,
      11
    ]
  ],
  "crossroads": [
    [
      -355.14399998728186,
      219.29599998425692,
      1
    ],
    [
      -352.14399998728186,
      127.29599998425692,
      2
    ],
    [
      -352.14399998728186,
      21.295999984256923,
      3
    ],
    [
      -351.14399998728186,
      -87.70400001574308,
      4
    ],
    [
      -129.14399998728186,
      70.29599998425692,
      5
    ],
    [
      181.85600001271814,
      70.29599998425692,
      6
    ]
  ],
  "car_gens": [
    [
      7,
      6,
      1,
      1000,
      12
    ],
    [
      8,
      6,
      2,
      1000,
      13
    ],
    [
      9,
      6,
      4,
      1000,
      14
    ],
    [
      10,
      6,
      5,
      1000,
      15
    ]
  ]
}
