{
  "max_uid": 207,
  "roads": [
    [
      1,
      7,
      1,
      60,
      5
    ],
    [
      4,
      11,
      1,
      60,
      6
    ],
    [
      7,
      9,
      1,
      60,
      8
    ],
    [
      9,
      2,
      1,
      60,
      10
    ],
    [
      11,
      13,
      1,
      60,
      12
    ],
    [
      13,
      3,
      1,
      60,
      14
    ],
    [
      13,
      7,
      1,
      60,
      15
    ],
    [
      9,
      11,
      1,
      60,
      16
    ],
    [
      7,
      17,
      1,
      60,
      21
    ],
    [
      18,
      9,
      1,
      60,
      22
    ],
    [
      11,
      20,
      1,
      60,
      23
    ],
    [
      19,
      13,
      1,
      60,
      24
    ]
  ],
  "crossroads": [
    [
      -161.5,
      14,
      1
    ],
    [
      169.5,
      9,
      2
    ],
    [
      -161.5,
      44,
      3
    ],
    [
      169.5,
      37,
      4
    ],
    [
      -14.53353530560473,
      11.77996276896684,
      7
    ],
    [
      22.548637599693393,
      11.219809099702516,
      9
    ],
    [
      21.481607517562264,
      40.130298330444305,
      11
    ],
    [
      -14.481160478058571,
      40.89084025180184,
      13
    ],
    [
      -18.5,
      -127,
      17
    ],
    [
      18.5,
      -124,
      18
    ],
    [
      -14.5,
      190,
      19
    ],
    [
      25.5,
      189,
      20
    ]
  ],
  "car_gens": [
    [
      5,
      17,
      1,
      1000,
      25
    ],
    [
      6,
      20,
      1,
      1000,
      26
    ],
    [
      24,
      3,
      1,
      1000,
      27
    ],
    [
      6,
      17,
      5,
      1000,
      115
    ]
  ]
}
